--------------------------------------------------------
--  File created - Wednesday-April-02-2025   
--------------------------------------------------------
DROP TABLE "CERTIFICATES";
DROP TABLE "COUNTRIES";
DROP TABLE "DIRECTORS";
DROP TABLE "GENRES";
DROP TABLE "LANGUAGES";
DROP TABLE "MOVIES";
DROP TABLE "MOVIES_GENRES";
DROP TABLE "TEST";
DROP TABLE "WRITERS";
DROP VIEW "MOVIES_DETAILS_VIEW";
DROP PROCEDURE "ADJUST_LANGUAGE";
DROP PROCEDURE "COUNTRY_CHECK";
DROP PROCEDURE "FAMILY_VALIDATION";
--------------------------------------------------------
--  DDL for Table CERTIFICATES
--------------------------------------------------------

  CREATE TABLE "CERTIFICATES" 
   (	"CERTIFICATE_ID" NUMBER, 
	"NAME" VARCHAR2(50 BYTE), 
	"DESCRIPTION" VARCHAR2(200 BYTE)
   ) ;
--------------------------------------------------------
--  DDL for Table COUNTRIES
--------------------------------------------------------

  CREATE TABLE "COUNTRIES" 
   (	"COUNTRY_ID" NUMBER, 
	"COUNTRY_NAME" VARCHAR2(100 BYTE)
   ) ;
--------------------------------------------------------
--  DDL for Table DIRECTORS
--------------------------------------------------------

  CREATE TABLE "DIRECTORS" 
   (	"DIRECTORS_ID" NUMBER, 
	"DIRECTOR_NAME" VARCHAR2(100 BYTE), 
	"WORKS_COUNT" NUMBER, 
	"AWARDS_COUNT" NUMBER
   ) ;
--------------------------------------------------------
--  DDL for Table GENRES
--------------------------------------------------------

  CREATE TABLE "GENRES" 
   (	"GENRE_ID" NUMBER, 
	"GENRE_TYPE" VARCHAR2(50 BYTE), 
	"DESCRIPTION" VARCHAR2(200 BYTE)
   ) ;
--------------------------------------------------------
--  DDL for Table LANGUAGES
--------------------------------------------------------

  CREATE TABLE "LANGUAGES" 
   (	"LANGUAGE_ID" NUMBER, 
	"LANGUAGE_NAME" VARCHAR2(50 BYTE), 
	"NOTES" VARCHAR2(50 BYTE)
   ) ;
--------------------------------------------------------
--  DDL for Table MOVIES
--------------------------------------------------------

  CREATE TABLE "MOVIES" 
   (	"ID" NUMBER, 
	"NAME" VARCHAR2(100 BYTE), 
	"YEAR" NUMBER, 
	"RATING" NUMBER(3,1), 
	"GENRE_ID" NUMBER, 
	"CERTIFICATE_ID" NUMBER, 
	"RUN_TIME" VARCHAR2(10 BYTE), 
	"BUDGET" NUMBER, 
	"BOX_OFFICE" NUMBER, 
	"DIRECTORS_ID" NUMBER, 
	"WRITERS_ID" NUMBER, 
	"COUNTRY_ID" NUMBER, 
	"LANGUAGE_ID" NUMBER
   ) ;
--------------------------------------------------------
--  DDL for Table MOVIES_GENRES
--------------------------------------------------------

  CREATE TABLE "MOVIES_GENRES" 
   (	"MOVIE_ID" NUMBER, 
	"GENRE_ID" NUMBER
   ) ;
--------------------------------------------------------
--  DDL for Table TEST
--------------------------------------------------------

  CREATE TABLE "TEST" 
   (	"ID" NUMBER, 
	"NAME" VARCHAR2(100 BYTE), 
	"AGE" NUMBER, 
	"CREATEDAT" DATE DEFAULT SYSDATE
   ) ;
--------------------------------------------------------
--  DDL for Table WRITERS
--------------------------------------------------------

  CREATE TABLE "WRITERS" 
   (	"WRITERS_ID" NUMBER, 
	"WRITER_NAME" VARCHAR2(100 BYTE), 
	"BIRTH_DATE" DATE, 
	"WORKS_COUNT" NUMBER
   ) ;
--------------------------------------------------------
--  DDL for View MOVIES_DETAILS_VIEW
--------------------------------------------------------

  CREATE OR REPLACE FORCE EDITIONABLE VIEW "MOVIES_DETAILS_VIEW" ("ID", "NAME", "YEAR", "RATING", "GENRE_ID", "GENRE_TYPE", "RUN_TIME", "COUNTRY_ID", "COUNTRY_NAME", "LANGUAGE_ID", "LANGUAGE_NAME") AS 
  SELECT 
    m.ID,
    m.NAME,
    m.YEAR,
    m.RATING,
    m.GENRE_ID,
    g.GENRE_TYPE,
    m.RUN_TIME,
    m.COUNTRY_ID,
    c.COUNTRY_NAME,
    m.LANGUAGE_ID,
    l.LANGUAGE_NAME
FROM MOVIES m
INNER JOIN GENRES g ON m.GENRE_ID = g.GENRE_ID
INNER JOIN COUNTRIES c ON m.COUNTRY_ID = c.COUNTRY_ID
INNER JOIN LANGUAGES l ON m.LANGUAGE_ID = l.LANGUAGE_ID
;
REM INSERTING into CERTIFICATES
SET DEFINE OFF;
Insert into CERTIFICATES (CERTIFICATE_ID,NAME,DESCRIPTION) values (1,'R','Restricted, under 17 requires accompanying adult.');
Insert into CERTIFICATES (CERTIFICATE_ID,NAME,DESCRIPTION) values (2,'PG-13','Parents strongly cautioned, may be inappropriate for under 13.');
Insert into CERTIFICATES (CERTIFICATE_ID,NAME,DESCRIPTION) values (3,'PG','Parental guidance suggested.');
Insert into CERTIFICATES (CERTIFICATE_ID,NAME,DESCRIPTION) values (4,'Approved','Approved for all audiences (older rating).');
Insert into CERTIFICATES (CERTIFICATE_ID,NAME,DESCRIPTION) values (5,'G','General audiences, suitable for all ages.');
Insert into CERTIFICATES (CERTIFICATE_ID,NAME,DESCRIPTION) values (6,'Not Rated','Not submitted for rating.');
Insert into CERTIFICATES (CERTIFICATE_ID,NAME,DESCRIPTION) values (7,'18+','Restricted to adults 18 and over.');
REM INSERTING into COUNTRIES
SET DEFINE OFF;
Insert into COUNTRIES (COUNTRY_ID,COUNTRY_NAME) values (1,'United States');
Insert into COUNTRIES (COUNTRY_ID,COUNTRY_NAME) values (2,'Italy');
Insert into COUNTRIES (COUNTRY_ID,COUNTRY_NAME) values (3,'Japan');
Insert into COUNTRIES (COUNTRY_ID,COUNTRY_NAME) values (4,'France');
Insert into COUNTRIES (COUNTRY_ID,COUNTRY_NAME) values (5,'South Korea');
Insert into COUNTRIES (COUNTRY_ID,COUNTRY_NAME) values (6,'United Kingdom');
Insert into COUNTRIES (COUNTRY_ID,COUNTRY_NAME) values (7,'Germany');
Insert into COUNTRIES (COUNTRY_ID,COUNTRY_NAME) values (8,'Brazil');
Insert into COUNTRIES (COUNTRY_ID,COUNTRY_NAME) values (9,'New Zealand');
Insert into COUNTRIES (COUNTRY_ID,COUNTRY_NAME) values (10,'China');
REM INSERTING into DIRECTORS
SET DEFINE OFF;
Insert into DIRECTORS (DIRECTORS_ID,DIRECTOR_NAME,WORKS_COUNT,AWARDS_COUNT) values (1,'Frank Darabont',15,3);
Insert into DIRECTORS (DIRECTORS_ID,DIRECTOR_NAME,WORKS_COUNT,AWARDS_COUNT) values (2,'Francis Ford Coppola',25,5);
Insert into DIRECTORS (DIRECTORS_ID,DIRECTOR_NAME,WORKS_COUNT,AWARDS_COUNT) values (3,'Christopher Nolan',12,4);
Insert into DIRECTORS (DIRECTORS_ID,DIRECTOR_NAME,WORKS_COUNT,AWARDS_COUNT) values (4,'Sidney Lumet',40,6);
Insert into DIRECTORS (DIRECTORS_ID,DIRECTOR_NAME,WORKS_COUNT,AWARDS_COUNT) values (5,'Steven Spielberg',35,7);
Insert into DIRECTORS (DIRECTORS_ID,DIRECTOR_NAME,WORKS_COUNT,AWARDS_COUNT) values (6,'Peter Jackson',18,5);
Insert into DIRECTORS (DIRECTORS_ID,DIRECTOR_NAME,WORKS_COUNT,AWARDS_COUNT) values (7,'Quentin Tarantino',10,2);
Insert into DIRECTORS (DIRECTORS_ID,DIRECTOR_NAME,WORKS_COUNT,AWARDS_COUNT) values (8,'Sergio Leone',8,1);
Insert into DIRECTORS (DIRECTORS_ID,DIRECTOR_NAME,WORKS_COUNT,AWARDS_COUNT) values (9,'Robert Zemeckis',20,3);
Insert into DIRECTORS (DIRECTORS_ID,DIRECTOR_NAME,WORKS_COUNT,AWARDS_COUNT) values (10,'David Fincher',14,2);
Insert into DIRECTORS (DIRECTORS_ID,DIRECTOR_NAME,WORKS_COUNT,AWARDS_COUNT) values (11,'Irvin Kershner',22,1);
Insert into DIRECTORS (DIRECTORS_ID,DIRECTOR_NAME,WORKS_COUNT,AWARDS_COUNT) values (12,'Lana Wachowski',9,2);
Insert into DIRECTORS (DIRECTORS_ID,DIRECTOR_NAME,WORKS_COUNT,AWARDS_COUNT) values (13,'Martin Scorsese',30,6);
Insert into DIRECTORS (DIRECTORS_ID,DIRECTOR_NAME,WORKS_COUNT,AWARDS_COUNT) values (14,'Milos Forman',18,4);
Insert into DIRECTORS (DIRECTORS_ID,DIRECTOR_NAME,WORKS_COUNT,AWARDS_COUNT) values (15,'Akira Kurosawa',28,5);
Insert into DIRECTORS (DIRECTORS_ID,DIRECTOR_NAME,WORKS_COUNT,AWARDS_COUNT) values (16,'Frank Capra',35,7);
Insert into DIRECTORS (DIRECTORS_ID,DIRECTOR_NAME,WORKS_COUNT,AWARDS_COUNT) values (17,'Jonathan Demme',20,3);
Insert into DIRECTORS (DIRECTORS_ID,DIRECTOR_NAME,WORKS_COUNT,AWARDS_COUNT) values (18,'Fernando Meirelles',12,2);
Insert into DIRECTORS (DIRECTORS_ID,DIRECTOR_NAME,WORKS_COUNT,AWARDS_COUNT) values (19,'Roberto Benigni',10,1);
Insert into DIRECTORS (DIRECTORS_ID,DIRECTOR_NAME,WORKS_COUNT,AWARDS_COUNT) values (20,'George Lucas',15,4);
Insert into DIRECTORS (DIRECTORS_ID,DIRECTOR_NAME,WORKS_COUNT,AWARDS_COUNT) values (21,'James Cameron',13,5);
Insert into DIRECTORS (DIRECTORS_ID,DIRECTOR_NAME,WORKS_COUNT,AWARDS_COUNT) values (22,'Hayao Miyazaki',11,3);
Insert into DIRECTORS (DIRECTORS_ID,DIRECTOR_NAME,WORKS_COUNT,AWARDS_COUNT) values (23,'Roman Polanski',25,4);
Insert into DIRECTORS (DIRECTORS_ID,DIRECTOR_NAME,WORKS_COUNT,AWARDS_COUNT) values (24,'Alfred Hitchcock',50,8);
Insert into DIRECTORS (DIRECTORS_ID,DIRECTOR_NAME,WORKS_COUNT,AWARDS_COUNT) values (25,'Bong Joon Ho',8,3);
Insert into DIRECTORS (DIRECTORS_ID,DIRECTOR_NAME,WORKS_COUNT,AWARDS_COUNT) values (26,'Luc Besson',15,2);
Insert into DIRECTORS (DIRECTORS_ID,DIRECTOR_NAME,WORKS_COUNT,AWARDS_COUNT) values (27,'Roger Allers',10,1);
Insert into DIRECTORS (DIRECTORS_ID,DIRECTOR_NAME,WORKS_COUNT,AWARDS_COUNT) values (28,'Ridley Scott',30,5);
Insert into DIRECTORS (DIRECTORS_ID,DIRECTOR_NAME,WORKS_COUNT,AWARDS_COUNT) values (29,'Tony Kaye',7,1);
Insert into DIRECTORS (DIRECTORS_ID,DIRECTOR_NAME,WORKS_COUNT,AWARDS_COUNT) values (30,'Bryan Singer',12,2);
Insert into DIRECTORS (DIRECTORS_ID,DIRECTOR_NAME,WORKS_COUNT,AWARDS_COUNT) values (31,'Damien Chazelle',6,2);
Insert into DIRECTORS (DIRECTORS_ID,DIRECTOR_NAME,WORKS_COUNT,AWARDS_COUNT) values (32,'Michael Curtiz',45,6);
Insert into DIRECTORS (DIRECTORS_ID,DIRECTOR_NAME,WORKS_COUNT,AWARDS_COUNT) values (33,'Isao Takahata',9,2);
Insert into DIRECTORS (DIRECTORS_ID,DIRECTOR_NAME,WORKS_COUNT,AWARDS_COUNT) values (34,'Masaki Kobayashi',20,3);
Insert into DIRECTORS (DIRECTORS_ID,DIRECTOR_NAME,WORKS_COUNT,AWARDS_COUNT) values (35,'Olivier Nakache',8,1);
Insert into DIRECTORS (DIRECTORS_ID,DIRECTOR_NAME,WORKS_COUNT,AWARDS_COUNT) values (36,'Charles Chaplin',60,10);
Insert into DIRECTORS (DIRECTORS_ID,DIRECTOR_NAME,WORKS_COUNT,AWARDS_COUNT) values (37,'Giuseppe Tornatore',15,2);
REM INSERTING into GENRES
SET DEFINE OFF;
Insert into GENRES (GENRE_ID,GENRE_TYPE,DESCRIPTION) values (1,'Drama','Focuses on realistic characters and emotional themes.');
Insert into GENRES (GENRE_ID,GENRE_TYPE,DESCRIPTION) values (2,'Crime','Involves criminal activities and justice.');
Insert into GENRES (GENRE_ID,GENRE_TYPE,DESCRIPTION) values (3,'Action','Features physical stunts and fast-paced sequences.');
Insert into GENRES (GENRE_ID,GENRE_TYPE,DESCRIPTION) values (4,'Adventure','Centers on exploration and exciting journeys.');
Insert into GENRES (GENRE_ID,GENRE_TYPE,DESCRIPTION) values (5,'Biography','Tells the true story of a person’s life.');
Insert into GENRES (GENRE_ID,GENRE_TYPE,DESCRIPTION) values (6,'History','Depicts historical events and periods.');
Insert into GENRES (GENRE_ID,GENRE_TYPE,DESCRIPTION) values (7,'Romance','Explores love and relationships.');
Insert into GENRES (GENRE_ID,GENRE_TYPE,DESCRIPTION) values (8,'Western','Set in the American Old West with cowboys and outlaws.');
Insert into GENRES (GENRE_ID,GENRE_TYPE,DESCRIPTION) values (9,'Sci-Fi','Incorporates futuristic technology and science fiction.');
Insert into GENRES (GENRE_ID,GENRE_TYPE,DESCRIPTION) values (10,'Fantasy','Includes magical and supernatural elements.');
Insert into GENRES (GENRE_ID,GENRE_TYPE,DESCRIPTION) values (11,'Thriller','Builds suspense and excitement.');
Insert into GENRES (GENRE_ID,GENRE_TYPE,DESCRIPTION) values (12,'Mystery','Involves solving a puzzle or crime.');
Insert into GENRES (GENRE_ID,GENRE_TYPE,DESCRIPTION) values (13,'Horror','Designed to frighten and thrill.');
Insert into GENRES (GENRE_ID,GENRE_TYPE,DESCRIPTION) values (14,'Comedy','Aims to entertain and amuse.');
Insert into GENRES (GENRE_ID,GENRE_TYPE,DESCRIPTION) values (15,'Animation','Uses animated characters and stories.');
Insert into GENRES (GENRE_ID,GENRE_TYPE,DESCRIPTION) values (16,'Family','Suitable for viewers of all ages.');
Insert into GENRES (GENRE_ID,GENRE_TYPE,DESCRIPTION) values (17,'War','Focuses on armed conflicts and their impact.');
Insert into GENRES (GENRE_ID,GENRE_TYPE,DESCRIPTION) values (18,'Music','Centers on musical performances or themes.');
Insert into GENRES (GENRE_ID,GENRE_TYPE,DESCRIPTION) values (55,'test','tes');
REM INSERTING into LANGUAGES
SET DEFINE OFF;
Insert into LANGUAGES (LANGUAGE_ID,LANGUAGE_NAME,NOTES) values (1,'English','Widely used');
Insert into LANGUAGES (LANGUAGE_ID,LANGUAGE_NAME,NOTES) values (2,'Italian','European language');
Insert into LANGUAGES (LANGUAGE_ID,LANGUAGE_NAME,NOTES) values (3,'Japanese','East Asian');
Insert into LANGUAGES (LANGUAGE_ID,LANGUAGE_NAME,NOTES) values (4,'Portuguese','Latin American');
Insert into LANGUAGES (LANGUAGE_ID,LANGUAGE_NAME,NOTES) values (5,'Korean','East Asian');
Insert into LANGUAGES (LANGUAGE_ID,LANGUAGE_NAME,NOTES) values (6,'French','European language');
Insert into LANGUAGES (LANGUAGE_ID,LANGUAGE_NAME,NOTES) values (7,'CHINESE','Official language of China');
REM INSERTING into MOVIES
SET DEFINE OFF;
Insert into MOVIES (ID,NAME,YEAR,RATING,GENRE_ID,CERTIFICATE_ID,RUN_TIME,BUDGET,BOX_OFFICE,DIRECTORS_ID,WRITERS_ID,COUNTRY_ID,LANGUAGE_ID) values (50,'Cinema Paradiso',1988,8.5,1,3,'2h 35m',5000000,13019063,37,42,2,2);
Insert into MOVIES (ID,NAME,YEAR,RATING,GENRE_ID,CERTIFICATE_ID,RUN_TIME,BUDGET,BOX_OFFICE,DIRECTORS_ID,WRITERS_ID,COUNTRY_ID,LANGUAGE_ID) values (1,'The Shawshank Redemption',1995,9.3,1,1,'2h 22m',25000000,28884504,1,1,1,1);
Insert into MOVIES (ID,NAME,YEAR,RATING,GENRE_ID,CERTIFICATE_ID,RUN_TIME,BUDGET,BOX_OFFICE,DIRECTORS_ID,WRITERS_ID,COUNTRY_ID,LANGUAGE_ID) values (2,'The Godfather',1972,9.2,2,1,'2h 55m',6000000,250341816,2,2,1,1);
Insert into MOVIES (ID,NAME,YEAR,RATING,GENRE_ID,CERTIFICATE_ID,RUN_TIME,BUDGET,BOX_OFFICE,DIRECTORS_ID,WRITERS_ID,COUNTRY_ID,LANGUAGE_ID) values (3,'The Dark Knight',2008,9,3,2,'2h 32m',185000000,1006234167,3,3,1,1);
Insert into MOVIES (ID,NAME,YEAR,RATING,GENRE_ID,CERTIFICATE_ID,RUN_TIME,BUDGET,BOX_OFFICE,DIRECTORS_ID,WRITERS_ID,COUNTRY_ID,LANGUAGE_ID) values (4,'The Godfather Part II',1974,10,2,1,'3h 22m',13000000,47961919,2,2,1,1);
Insert into MOVIES (ID,NAME,YEAR,RATING,GENRE_ID,CERTIFICATE_ID,RUN_TIME,BUDGET,BOX_OFFICE,DIRECTORS_ID,WRITERS_ID,COUNTRY_ID,LANGUAGE_ID) values (5,'12 Angry Men',1957,9,2,4,'1h 36m',350000,955,4,4,1,1);
Insert into MOVIES (ID,NAME,YEAR,RATING,GENRE_ID,CERTIFICATE_ID,RUN_TIME,BUDGET,BOX_OFFICE,DIRECTORS_ID,WRITERS_ID,COUNTRY_ID,LANGUAGE_ID) values (6,'Schindler''s List',1993,9,5,1,'3h 15m',22000000,322161245,5,5,1,1);
Insert into MOVIES (ID,NAME,YEAR,RATING,GENRE_ID,CERTIFICATE_ID,RUN_TIME,BUDGET,BOX_OFFICE,DIRECTORS_ID,WRITERS_ID,COUNTRY_ID,LANGUAGE_ID) values (7,'The Lord of the Rings: The Return of the King',2003,9,4,2,'3h 21m',94000000,1146457748,6,6,9,1);
Insert into MOVIES (ID,NAME,YEAR,RATING,GENRE_ID,CERTIFICATE_ID,RUN_TIME,BUDGET,BOX_OFFICE,DIRECTORS_ID,WRITERS_ID,COUNTRY_ID,LANGUAGE_ID) values (8,'Pulp Fiction',1994,8.9,2,1,'2h 34m',8000000,213928762,7,7,1,1);
Insert into MOVIES (ID,NAME,YEAR,RATING,GENRE_ID,CERTIFICATE_ID,RUN_TIME,BUDGET,BOX_OFFICE,DIRECTORS_ID,WRITERS_ID,COUNTRY_ID,LANGUAGE_ID) values (9,'The Lord of the Rings: The Fellowship of the Ring',2001,8.8,4,2,'2h 58m',93000000,898204420,6,6,9,1);
Insert into MOVIES (ID,NAME,YEAR,RATING,GENRE_ID,CERTIFICATE_ID,RUN_TIME,BUDGET,BOX_OFFICE,DIRECTORS_ID,WRITERS_ID,COUNTRY_ID,LANGUAGE_ID) values (10,'The Good, the Bad and the Ugly',1966,8.8,8,4,'2h 58m',1200000,25253887,8,8,2,2);
Insert into MOVIES (ID,NAME,YEAR,RATING,GENRE_ID,CERTIFICATE_ID,RUN_TIME,BUDGET,BOX_OFFICE,DIRECTORS_ID,WRITERS_ID,COUNTRY_ID,LANGUAGE_ID) values (11,'Forrest Gump',1994,8.8,1,2,'2h 22m',55000000,678226465,9,9,1,1);
Insert into MOVIES (ID,NAME,YEAR,RATING,GENRE_ID,CERTIFICATE_ID,RUN_TIME,BUDGET,BOX_OFFICE,DIRECTORS_ID,WRITERS_ID,COUNTRY_ID,LANGUAGE_ID) values (12,'Fight Club',1999,8.8,1,1,'2h 19m',63000000,101209702,10,10,1,1);
Insert into MOVIES (ID,NAME,YEAR,RATING,GENRE_ID,CERTIFICATE_ID,RUN_TIME,BUDGET,BOX_OFFICE,DIRECTORS_ID,WRITERS_ID,COUNTRY_ID,LANGUAGE_ID) values (13,'The Lord of the Rings: The Two Towers',2002,8.8,4,2,'2h 59m',94000000,947944270,6,6,9,1);
Insert into MOVIES (ID,NAME,YEAR,RATING,GENRE_ID,CERTIFICATE_ID,RUN_TIME,BUDGET,BOX_OFFICE,DIRECTORS_ID,WRITERS_ID,COUNTRY_ID,LANGUAGE_ID) values (14,'Inception',2010,8.8,3,2,'2h 28m',160000000,836848102,3,3,1,1);
Insert into MOVIES (ID,NAME,YEAR,RATING,GENRE_ID,CERTIFICATE_ID,RUN_TIME,BUDGET,BOX_OFFICE,DIRECTORS_ID,WRITERS_ID,COUNTRY_ID,LANGUAGE_ID) values (15,'Star Wars: Episode V - The Empire Strikes Back',1980,8.7,3,3,'2h 4m',18000000,538375067,11,11,1,1);
Insert into MOVIES (ID,NAME,YEAR,RATING,GENRE_ID,CERTIFICATE_ID,RUN_TIME,BUDGET,BOX_OFFICE,DIRECTORS_ID,WRITERS_ID,COUNTRY_ID,LANGUAGE_ID) values (16,'The Matrix',1999,8.7,3,1,'2h 16m',63000000,467222728,12,12,1,1);
Insert into MOVIES (ID,NAME,YEAR,RATING,GENRE_ID,CERTIFICATE_ID,RUN_TIME,BUDGET,BOX_OFFICE,DIRECTORS_ID,WRITERS_ID,COUNTRY_ID,LANGUAGE_ID) values (17,'Goodfellas',1990,8.7,5,1,'2h 25m',25000000,47036784,13,13,1,1);
Insert into MOVIES (ID,NAME,YEAR,RATING,GENRE_ID,CERTIFICATE_ID,RUN_TIME,BUDGET,BOX_OFFICE,DIRECTORS_ID,WRITERS_ID,COUNTRY_ID,LANGUAGE_ID) values (18,'One Flew Over the Cuckoo''s Nest',1975,8.7,1,7,'2h 13m',3000000,109114817,14,14,1,1);
Insert into MOVIES (ID,NAME,YEAR,RATING,GENRE_ID,CERTIFICATE_ID,RUN_TIME,BUDGET,BOX_OFFICE,DIRECTORS_ID,WRITERS_ID,COUNTRY_ID,LANGUAGE_ID) values (19,'Se7en',1995,8.6,2,1,'2h 7m',33000000,327333559,10,15,1,1);
Insert into MOVIES (ID,NAME,YEAR,RATING,GENRE_ID,CERTIFICATE_ID,RUN_TIME,BUDGET,BOX_OFFICE,DIRECTORS_ID,WRITERS_ID,COUNTRY_ID,LANGUAGE_ID) values (20,'Seven Samurai',1954,8.6,3,6,'3h 27m',125000000,346258,15,16,3,3);
Insert into MOVIES (ID,NAME,YEAR,RATING,GENRE_ID,CERTIFICATE_ID,RUN_TIME,BUDGET,BOX_OFFICE,DIRECTORS_ID,WRITERS_ID,COUNTRY_ID,LANGUAGE_ID) values (21,'It''s a Wonderful Life',1946,8.6,1,3,'2h 10m',3180000,8574081,16,17,1,1);
Insert into MOVIES (ID,NAME,YEAR,RATING,GENRE_ID,CERTIFICATE_ID,RUN_TIME,BUDGET,BOX_OFFICE,DIRECTORS_ID,WRITERS_ID,COUNTRY_ID,LANGUAGE_ID) values (22,'The Silence of the Lambs',1991,8.6,2,1,'1h 58m',19000000,272742922,17,18,1,1);
Insert into MOVIES (ID,NAME,YEAR,RATING,GENRE_ID,CERTIFICATE_ID,RUN_TIME,BUDGET,BOX_OFFICE,DIRECTORS_ID,WRITERS_ID,COUNTRY_ID,LANGUAGE_ID) values (23,'City of God',2002,8.6,2,1,'2h 10m',3300000,30680793,18,19,8,4);
Insert into MOVIES (ID,NAME,YEAR,RATING,GENRE_ID,CERTIFICATE_ID,RUN_TIME,BUDGET,BOX_OFFICE,DIRECTORS_ID,WRITERS_ID,COUNTRY_ID,LANGUAGE_ID) values (24,'Saving Private Ryan',1998,8.6,1,1,'2h 49m',70000000,482349603,5,20,1,1);
Insert into MOVIES (ID,NAME,YEAR,RATING,GENRE_ID,CERTIFICATE_ID,RUN_TIME,BUDGET,BOX_OFFICE,DIRECTORS_ID,WRITERS_ID,COUNTRY_ID,LANGUAGE_ID) values (25,'Interstellar',2014,8.6,4,2,'2h 49m',165000000,773867216,3,3,1,1);
Insert into MOVIES (ID,NAME,YEAR,RATING,GENRE_ID,CERTIFICATE_ID,RUN_TIME,BUDGET,BOX_OFFICE,DIRECTORS_ID,WRITERS_ID,COUNTRY_ID,LANGUAGE_ID) values (26,'Life Is Beautiful',1997,8.6,14,2,'1h 56m',20000000,230098753,19,21,2,2);
Insert into MOVIES (ID,NAME,YEAR,RATING,GENRE_ID,CERTIFICATE_ID,RUN_TIME,BUDGET,BOX_OFFICE,DIRECTORS_ID,WRITERS_ID,COUNTRY_ID,LANGUAGE_ID) values (27,'The Green Mile',1999,8.6,2,1,'3h 9m',60000000,286801374,1,1,1,1);
Insert into MOVIES (ID,NAME,YEAR,RATING,GENRE_ID,CERTIFICATE_ID,RUN_TIME,BUDGET,BOX_OFFICE,DIRECTORS_ID,WRITERS_ID,COUNTRY_ID,LANGUAGE_ID) values (28,'Star Wars: Episode IV - A New Hope',1977,8.6,3,3,'2h 1m',11000000,775398007,20,22,1,1);
Insert into MOVIES (ID,NAME,YEAR,RATING,GENRE_ID,CERTIFICATE_ID,RUN_TIME,BUDGET,BOX_OFFICE,DIRECTORS_ID,WRITERS_ID,COUNTRY_ID,LANGUAGE_ID) values (29,'Terminator 2: Judgment Day',1991,8.6,3,1,'2h 17m',102000000,520881154,21,23,1,1);
Insert into MOVIES (ID,NAME,YEAR,RATING,GENRE_ID,CERTIFICATE_ID,RUN_TIME,BUDGET,BOX_OFFICE,DIRECTORS_ID,WRITERS_ID,COUNTRY_ID,LANGUAGE_ID) values (30,'Back to the Future',1985,8.5,4,3,'1h 56m',19000000,383336762,9,24,1,1);
Insert into MOVIES (ID,NAME,YEAR,RATING,GENRE_ID,CERTIFICATE_ID,RUN_TIME,BUDGET,BOX_OFFICE,DIRECTORS_ID,WRITERS_ID,COUNTRY_ID,LANGUAGE_ID) values (31,'Spirited Away',2001,8.6,15,3,'2h 5m',19000000,355822319,22,25,3,3);
Insert into MOVIES (ID,NAME,YEAR,RATING,GENRE_ID,CERTIFICATE_ID,RUN_TIME,BUDGET,BOX_OFFICE,DIRECTORS_ID,WRITERS_ID,COUNTRY_ID,LANGUAGE_ID) values (32,'The Pianist',2002,8.5,5,1,'2h 30m',35000000,120072577,23,26,1,1);
Insert into MOVIES (ID,NAME,YEAR,RATING,GENRE_ID,CERTIFICATE_ID,RUN_TIME,BUDGET,BOX_OFFICE,DIRECTORS_ID,WRITERS_ID,COUNTRY_ID,LANGUAGE_ID) values (33,'Psycho',1960,8.5,13,1,'1h 49m',806947,32052925,24,27,1,1);
Insert into MOVIES (ID,NAME,YEAR,RATING,GENRE_ID,CERTIFICATE_ID,RUN_TIME,BUDGET,BOX_OFFICE,DIRECTORS_ID,WRITERS_ID,COUNTRY_ID,LANGUAGE_ID) values (34,'Parasite',2019,8.5,1,1,'2h 12m',11400000,262676096,25,28,5,5);
Insert into MOVIES (ID,NAME,YEAR,RATING,GENRE_ID,CERTIFICATE_ID,RUN_TIME,BUDGET,BOX_OFFICE,DIRECTORS_ID,WRITERS_ID,COUNTRY_ID,LANGUAGE_ID) values (35,'Léon: The Professional',1994,8.5,3,1,'1h 50m',115000000,19569225,26,29,4,6);
Insert into MOVIES (ID,NAME,YEAR,RATING,GENRE_ID,CERTIFICATE_ID,RUN_TIME,BUDGET,BOX_OFFICE,DIRECTORS_ID,WRITERS_ID,COUNTRY_ID,LANGUAGE_ID) values (36,'The Lion King',1994,8.5,15,5,'1h 28m',45000000,968511805,27,30,1,1);
Insert into MOVIES (ID,NAME,YEAR,RATING,GENRE_ID,CERTIFICATE_ID,RUN_TIME,BUDGET,BOX_OFFICE,DIRECTORS_ID,WRITERS_ID,COUNTRY_ID,LANGUAGE_ID) values (37,'Gladiator',2000,8.5,3,1,'2h 35m',103000000,503162313,28,31,1,1);
Insert into MOVIES (ID,NAME,YEAR,RATING,GENRE_ID,CERTIFICATE_ID,RUN_TIME,BUDGET,BOX_OFFICE,DIRECTORS_ID,WRITERS_ID,COUNTRY_ID,LANGUAGE_ID) values (38,'American History X',1998,8.5,2,1,'1h 59m',20000000,23875127,29,32,1,1);
Insert into MOVIES (ID,NAME,YEAR,RATING,GENRE_ID,CERTIFICATE_ID,RUN_TIME,BUDGET,BOX_OFFICE,DIRECTORS_ID,WRITERS_ID,COUNTRY_ID,LANGUAGE_ID) values (39,'The Departed',2006,8.5,2,1,'2h 31m',90000000,291480452,13,33,1,1);
Insert into MOVIES (ID,NAME,YEAR,RATING,GENRE_ID,CERTIFICATE_ID,RUN_TIME,BUDGET,BOX_OFFICE,DIRECTORS_ID,WRITERS_ID,COUNTRY_ID,LANGUAGE_ID) values (40,'The Usual Suspects',1995,8.5,2,1,'1h 46m',6000000,23341568,30,34,1,1);
Insert into MOVIES (ID,NAME,YEAR,RATING,GENRE_ID,CERTIFICATE_ID,RUN_TIME,BUDGET,BOX_OFFICE,DIRECTORS_ID,WRITERS_ID,COUNTRY_ID,LANGUAGE_ID) values (41,'The Prestige',2006,8.5,1,2,'2h 10m',40000000,109676311,3,35,1,1);
Insert into MOVIES (ID,NAME,YEAR,RATING,GENRE_ID,CERTIFICATE_ID,RUN_TIME,BUDGET,BOX_OFFICE,DIRECTORS_ID,WRITERS_ID,COUNTRY_ID,LANGUAGE_ID) values (42,'Whiplash',2014,8.5,1,1,'1h 46m',3300000,49396747,31,36,1,1);
Insert into MOVIES (ID,NAME,YEAR,RATING,GENRE_ID,CERTIFICATE_ID,RUN_TIME,BUDGET,BOX_OFFICE,DIRECTORS_ID,WRITERS_ID,COUNTRY_ID,LANGUAGE_ID) values (43,'Casablanca',1942,8.5,1,3,'1h 42m',950000,4626532,32,37,1,1);
Insert into MOVIES (ID,NAME,YEAR,RATING,GENRE_ID,CERTIFICATE_ID,RUN_TIME,BUDGET,BOX_OFFICE,DIRECTORS_ID,WRITERS_ID,COUNTRY_ID,LANGUAGE_ID) values (44,'Grave of the Fireflies',1988,8.5,15,6,'1h 29m',3700000,516962,33,38,3,3);
Insert into MOVIES (ID,NAME,YEAR,RATING,GENRE_ID,CERTIFICATE_ID,RUN_TIME,BUDGET,BOX_OFFICE,DIRECTORS_ID,WRITERS_ID,COUNTRY_ID,LANGUAGE_ID) values (45,'Harakiri',1962,8.6,3,6,'2h 13m',null,null,34,39,3,3);
Insert into MOVIES (ID,NAME,YEAR,RATING,GENRE_ID,CERTIFICATE_ID,RUN_TIME,BUDGET,BOX_OFFICE,DIRECTORS_ID,WRITERS_ID,COUNTRY_ID,LANGUAGE_ID) values (46,'The Intouchables',2011,8.5,5,1,'1h 52m',9500000,426588510,35,40,4,6);
Insert into MOVIES (ID,NAME,YEAR,RATING,GENRE_ID,CERTIFICATE_ID,RUN_TIME,BUDGET,BOX_OFFICE,DIRECTORS_ID,WRITERS_ID,COUNTRY_ID,LANGUAGE_ID) values (47,'Modern Times',1936,8.5,14,5,'1h 27m',1500000,463618,36,41,1,1);
Insert into MOVIES (ID,NAME,YEAR,RATING,GENRE_ID,CERTIFICATE_ID,RUN_TIME,BUDGET,BOX_OFFICE,DIRECTORS_ID,WRITERS_ID,COUNTRY_ID,LANGUAGE_ID) values (48,'Once Upon a Time in the West',1968,8.5,8,2,'2h 45m',5000000,5435024,8,8,2,2);
Insert into MOVIES (ID,NAME,YEAR,RATING,GENRE_ID,CERTIFICATE_ID,RUN_TIME,BUDGET,BOX_OFFICE,DIRECTORS_ID,WRITERS_ID,COUNTRY_ID,LANGUAGE_ID) values (49,'Rear Window',1954,8.5,12,3,'1h 52m',1000000,37034579,24,27,1,1);
Insert into MOVIES (ID,NAME,YEAR,RATING,GENRE_ID,CERTIFICATE_ID,RUN_TIME,BUDGET,BOX_OFFICE,DIRECTORS_ID,WRITERS_ID,COUNTRY_ID,LANGUAGE_ID) values (51,'Crouching Tiger, Hidden Dragon',2000,7.9,5,3,'120',17000000,213500000,1,3,10,7);
Insert into MOVIES (ID,NAME,YEAR,RATING,GENRE_ID,CERTIFICATE_ID,RUN_TIME,BUDGET,BOX_OFFICE,DIRECTORS_ID,WRITERS_ID,COUNTRY_ID,LANGUAGE_ID) values (52,'Farewell My Concubine',1993,8.1,2,4,'171',4000000,5329342,2,4,10,7);
REM INSERTING into MOVIES_GENRES
SET DEFINE OFF;
Insert into MOVIES_GENRES (MOVIE_ID,GENRE_ID) values (1,1);
Insert into MOVIES_GENRES (MOVIE_ID,GENRE_ID) values (2,1);
Insert into MOVIES_GENRES (MOVIE_ID,GENRE_ID) values (2,2);
Insert into MOVIES_GENRES (MOVIE_ID,GENRE_ID) values (3,1);
Insert into MOVIES_GENRES (MOVIE_ID,GENRE_ID) values (3,2);
Insert into MOVIES_GENRES (MOVIE_ID,GENRE_ID) values (3,3);
Insert into MOVIES_GENRES (MOVIE_ID,GENRE_ID) values (4,1);
Insert into MOVIES_GENRES (MOVIE_ID,GENRE_ID) values (4,2);
Insert into MOVIES_GENRES (MOVIE_ID,GENRE_ID) values (5,1);
Insert into MOVIES_GENRES (MOVIE_ID,GENRE_ID) values (5,2);
Insert into MOVIES_GENRES (MOVIE_ID,GENRE_ID) values (6,1);
Insert into MOVIES_GENRES (MOVIE_ID,GENRE_ID) values (6,5);
Insert into MOVIES_GENRES (MOVIE_ID,GENRE_ID) values (6,6);
Insert into MOVIES_GENRES (MOVIE_ID,GENRE_ID) values (7,1);
Insert into MOVIES_GENRES (MOVIE_ID,GENRE_ID) values (7,3);
Insert into MOVIES_GENRES (MOVIE_ID,GENRE_ID) values (7,4);
Insert into MOVIES_GENRES (MOVIE_ID,GENRE_ID) values (8,1);
Insert into MOVIES_GENRES (MOVIE_ID,GENRE_ID) values (8,2);
Insert into MOVIES_GENRES (MOVIE_ID,GENRE_ID) values (9,1);
Insert into MOVIES_GENRES (MOVIE_ID,GENRE_ID) values (9,3);
Insert into MOVIES_GENRES (MOVIE_ID,GENRE_ID) values (9,4);
Insert into MOVIES_GENRES (MOVIE_ID,GENRE_ID) values (10,4);
Insert into MOVIES_GENRES (MOVIE_ID,GENRE_ID) values (10,8);
Insert into MOVIES_GENRES (MOVIE_ID,GENRE_ID) values (11,1);
Insert into MOVIES_GENRES (MOVIE_ID,GENRE_ID) values (11,7);
Insert into MOVIES_GENRES (MOVIE_ID,GENRE_ID) values (12,1);
Insert into MOVIES_GENRES (MOVIE_ID,GENRE_ID) values (13,1);
Insert into MOVIES_GENRES (MOVIE_ID,GENRE_ID) values (13,3);
Insert into MOVIES_GENRES (MOVIE_ID,GENRE_ID) values (13,4);
Insert into MOVIES_GENRES (MOVIE_ID,GENRE_ID) values (14,3);
Insert into MOVIES_GENRES (MOVIE_ID,GENRE_ID) values (14,4);
Insert into MOVIES_GENRES (MOVIE_ID,GENRE_ID) values (14,9);
Insert into MOVIES_GENRES (MOVIE_ID,GENRE_ID) values (15,3);
Insert into MOVIES_GENRES (MOVIE_ID,GENRE_ID) values (15,4);
Insert into MOVIES_GENRES (MOVIE_ID,GENRE_ID) values (15,10);
Insert into MOVIES_GENRES (MOVIE_ID,GENRE_ID) values (16,3);
Insert into MOVIES_GENRES (MOVIE_ID,GENRE_ID) values (16,9);
Insert into MOVIES_GENRES (MOVIE_ID,GENRE_ID) values (17,1);
Insert into MOVIES_GENRES (MOVIE_ID,GENRE_ID) values (17,2);
Insert into MOVIES_GENRES (MOVIE_ID,GENRE_ID) values (17,5);
Insert into MOVIES_GENRES (MOVIE_ID,GENRE_ID) values (18,1);
Insert into MOVIES_GENRES (MOVIE_ID,GENRE_ID) values (19,1);
Insert into MOVIES_GENRES (MOVIE_ID,GENRE_ID) values (19,2);
Insert into MOVIES_GENRES (MOVIE_ID,GENRE_ID) values (19,12);
Insert into MOVIES_GENRES (MOVIE_ID,GENRE_ID) values (20,1);
Insert into MOVIES_GENRES (MOVIE_ID,GENRE_ID) values (20,3);
Insert into MOVIES_GENRES (MOVIE_ID,GENRE_ID) values (21,1);
Insert into MOVIES_GENRES (MOVIE_ID,GENRE_ID) values (21,10);
Insert into MOVIES_GENRES (MOVIE_ID,GENRE_ID) values (21,16);
Insert into MOVIES_GENRES (MOVIE_ID,GENRE_ID) values (22,1);
Insert into MOVIES_GENRES (MOVIE_ID,GENRE_ID) values (22,2);
Insert into MOVIES_GENRES (MOVIE_ID,GENRE_ID) values (22,11);
Insert into MOVIES_GENRES (MOVIE_ID,GENRE_ID) values (23,1);
Insert into MOVIES_GENRES (MOVIE_ID,GENRE_ID) values (23,2);
Insert into MOVIES_GENRES (MOVIE_ID,GENRE_ID) values (24,1);
Insert into MOVIES_GENRES (MOVIE_ID,GENRE_ID) values (24,17);
Insert into MOVIES_GENRES (MOVIE_ID,GENRE_ID) values (25,1);
Insert into MOVIES_GENRES (MOVIE_ID,GENRE_ID) values (25,4);
Insert into MOVIES_GENRES (MOVIE_ID,GENRE_ID) values (25,9);
Insert into MOVIES_GENRES (MOVIE_ID,GENRE_ID) values (26,1);
Insert into MOVIES_GENRES (MOVIE_ID,GENRE_ID) values (26,7);
Insert into MOVIES_GENRES (MOVIE_ID,GENRE_ID) values (26,14);
Insert into MOVIES_GENRES (MOVIE_ID,GENRE_ID) values (27,1);
Insert into MOVIES_GENRES (MOVIE_ID,GENRE_ID) values (27,2);
Insert into MOVIES_GENRES (MOVIE_ID,GENRE_ID) values (27,10);
Insert into MOVIES_GENRES (MOVIE_ID,GENRE_ID) values (28,3);
Insert into MOVIES_GENRES (MOVIE_ID,GENRE_ID) values (28,4);
Insert into MOVIES_GENRES (MOVIE_ID,GENRE_ID) values (28,10);
Insert into MOVIES_GENRES (MOVIE_ID,GENRE_ID) values (29,3);
Insert into MOVIES_GENRES (MOVIE_ID,GENRE_ID) values (29,9);
Insert into MOVIES_GENRES (MOVIE_ID,GENRE_ID) values (30,4);
Insert into MOVIES_GENRES (MOVIE_ID,GENRE_ID) values (30,9);
Insert into MOVIES_GENRES (MOVIE_ID,GENRE_ID) values (30,14);
Insert into MOVIES_GENRES (MOVIE_ID,GENRE_ID) values (31,4);
Insert into MOVIES_GENRES (MOVIE_ID,GENRE_ID) values (31,15);
Insert into MOVIES_GENRES (MOVIE_ID,GENRE_ID) values (31,16);
Insert into MOVIES_GENRES (MOVIE_ID,GENRE_ID) values (32,1);
Insert into MOVIES_GENRES (MOVIE_ID,GENRE_ID) values (32,5);
Insert into MOVIES_GENRES (MOVIE_ID,GENRE_ID) values (32,18);
Insert into MOVIES_GENRES (MOVIE_ID,GENRE_ID) values (33,11);
Insert into MOVIES_GENRES (MOVIE_ID,GENRE_ID) values (33,12);
Insert into MOVIES_GENRES (MOVIE_ID,GENRE_ID) values (33,13);
Insert into MOVIES_GENRES (MOVIE_ID,GENRE_ID) values (34,1);
Insert into MOVIES_GENRES (MOVIE_ID,GENRE_ID) values (34,11);
Insert into MOVIES_GENRES (MOVIE_ID,GENRE_ID) values (35,1);
Insert into MOVIES_GENRES (MOVIE_ID,GENRE_ID) values (35,2);
Insert into MOVIES_GENRES (MOVIE_ID,GENRE_ID) values (35,3);
Insert into MOVIES_GENRES (MOVIE_ID,GENRE_ID) values (36,1);
Insert into MOVIES_GENRES (MOVIE_ID,GENRE_ID) values (36,4);
Insert into MOVIES_GENRES (MOVIE_ID,GENRE_ID) values (36,15);
Insert into MOVIES_GENRES (MOVIE_ID,GENRE_ID) values (37,1);
Insert into MOVIES_GENRES (MOVIE_ID,GENRE_ID) values (37,3);
Insert into MOVIES_GENRES (MOVIE_ID,GENRE_ID) values (37,4);
Insert into MOVIES_GENRES (MOVIE_ID,GENRE_ID) values (38,1);
Insert into MOVIES_GENRES (MOVIE_ID,GENRE_ID) values (38,2);
Insert into MOVIES_GENRES (MOVIE_ID,GENRE_ID) values (39,1);
Insert into MOVIES_GENRES (MOVIE_ID,GENRE_ID) values (39,2);
Insert into MOVIES_GENRES (MOVIE_ID,GENRE_ID) values (39,11);
Insert into MOVIES_GENRES (MOVIE_ID,GENRE_ID) values (40,1);
Insert into MOVIES_GENRES (MOVIE_ID,GENRE_ID) values (40,2);
Insert into MOVIES_GENRES (MOVIE_ID,GENRE_ID) values (40,12);
Insert into MOVIES_GENRES (MOVIE_ID,GENRE_ID) values (41,1);
Insert into MOVIES_GENRES (MOVIE_ID,GENRE_ID) values (41,9);
Insert into MOVIES_GENRES (MOVIE_ID,GENRE_ID) values (41,12);
Insert into MOVIES_GENRES (MOVIE_ID,GENRE_ID) values (42,1);
Insert into MOVIES_GENRES (MOVIE_ID,GENRE_ID) values (42,18);
Insert into MOVIES_GENRES (MOVIE_ID,GENRE_ID) values (43,1);
Insert into MOVIES_GENRES (MOVIE_ID,GENRE_ID) values (43,7);
Insert into MOVIES_GENRES (MOVIE_ID,GENRE_ID) values (43,17);
Insert into MOVIES_GENRES (MOVIE_ID,GENRE_ID) values (44,1);
Insert into MOVIES_GENRES (MOVIE_ID,GENRE_ID) values (44,15);
Insert into MOVIES_GENRES (MOVIE_ID,GENRE_ID) values (44,17);
Insert into MOVIES_GENRES (MOVIE_ID,GENRE_ID) values (45,1);
Insert into MOVIES_GENRES (MOVIE_ID,GENRE_ID) values (45,3);
Insert into MOVIES_GENRES (MOVIE_ID,GENRE_ID) values (45,12);
Insert into MOVIES_GENRES (MOVIE_ID,GENRE_ID) values (46,1);
Insert into MOVIES_GENRES (MOVIE_ID,GENRE_ID) values (46,5);
Insert into MOVIES_GENRES (MOVIE_ID,GENRE_ID) values (46,14);
Insert into MOVIES_GENRES (MOVIE_ID,GENRE_ID) values (47,1);
Insert into MOVIES_GENRES (MOVIE_ID,GENRE_ID) values (47,7);
Insert into MOVIES_GENRES (MOVIE_ID,GENRE_ID) values (47,14);
Insert into MOVIES_GENRES (MOVIE_ID,GENRE_ID) values (48,8);
Insert into MOVIES_GENRES (MOVIE_ID,GENRE_ID) values (49,11);
Insert into MOVIES_GENRES (MOVIE_ID,GENRE_ID) values (49,12);
Insert into MOVIES_GENRES (MOVIE_ID,GENRE_ID) values (50,1);
Insert into MOVIES_GENRES (MOVIE_ID,GENRE_ID) values (50,7);
REM INSERTING into TEST
SET DEFINE OFF;
REM INSERTING into WRITERS
SET DEFINE OFF;
Insert into WRITERS (WRITERS_ID,WRITER_NAME,BIRTH_DATE,WORKS_COUNT) values (1,'Stephen King',to_date('21-SEP-47','DD-MON-RR'),60);
Insert into WRITERS (WRITERS_ID,WRITER_NAME,BIRTH_DATE,WORKS_COUNT) values (2,'Mario Puzo',to_date('15-OCT-20','DD-MON-RR'),20);
Insert into WRITERS (WRITERS_ID,WRITER_NAME,BIRTH_DATE,WORKS_COUNT) values (3,'Jonathan Nolan',to_date('06-JUN-76','DD-MON-RR'),10);
Insert into WRITERS (WRITERS_ID,WRITER_NAME,BIRTH_DATE,WORKS_COUNT) values (4,'Reginald Rose',to_date('10-DEC-20','DD-MON-RR'),25);
Insert into WRITERS (WRITERS_ID,WRITER_NAME,BIRTH_DATE,WORKS_COUNT) values (5,'Thomas Keneally',to_date('07-OCT-35','DD-MON-RR'),15);
Insert into WRITERS (WRITERS_ID,WRITER_NAME,BIRTH_DATE,WORKS_COUNT) values (6,'J.R.R. Tolkien',to_date('03-JAN-92','DD-MON-RR'),12);
Insert into WRITERS (WRITERS_ID,WRITER_NAME,BIRTH_DATE,WORKS_COUNT) values (7,'Quentin Tarantino',to_date('27-MAR-63','DD-MON-RR'),10);
Insert into WRITERS (WRITERS_ID,WRITER_NAME,BIRTH_DATE,WORKS_COUNT) values (8,'Luciano Vincenzoni',to_date('07-MAR-26','DD-MON-RR'),30);
Insert into WRITERS (WRITERS_ID,WRITER_NAME,BIRTH_DATE,WORKS_COUNT) values (9,'Winston Groom',to_date('23-MAR-43','DD-MON-RR'),8);
Insert into WRITERS (WRITERS_ID,WRITER_NAME,BIRTH_DATE,WORKS_COUNT) values (10,'Chuck Palahniuk',to_date('21-FEB-62','DD-MON-RR'),15);
Insert into WRITERS (WRITERS_ID,WRITER_NAME,BIRTH_DATE,WORKS_COUNT) values (11,'Leigh Brackett',to_date('07-DEC-15','DD-MON-RR'),20);
Insert into WRITERS (WRITERS_ID,WRITER_NAME,BIRTH_DATE,WORKS_COUNT) values (12,'Lilly Wachowski',to_date('29-DEC-67','DD-MON-RR'),9);
Insert into WRITERS (WRITERS_ID,WRITER_NAME,BIRTH_DATE,WORKS_COUNT) values (13,'Nicholas Pileggi',to_date('22-FEB-33','DD-MON-RR'),12);
Insert into WRITERS (WRITERS_ID,WRITER_NAME,BIRTH_DATE,WORKS_COUNT) values (14,'Lawrence Hauben',to_date('03-MAR-31','DD-MON-RR'),10);
Insert into WRITERS (WRITERS_ID,WRITER_NAME,BIRTH_DATE,WORKS_COUNT) values (15,'Andrew Kevin Walker',to_date('14-AUG-64','DD-MON-RR'),8);
Insert into WRITERS (WRITERS_ID,WRITER_NAME,BIRTH_DATE,WORKS_COUNT) values (16,'Akira Kurosawa',to_date('23-MAR-10','DD-MON-RR'),28);
Insert into WRITERS (WRITERS_ID,WRITER_NAME,BIRTH_DATE,WORKS_COUNT) values (17,'Frances Goodrich',to_date('21-DEC-90','DD-MON-RR'),25);
Insert into WRITERS (WRITERS_ID,WRITER_NAME,BIRTH_DATE,WORKS_COUNT) values (18,'Thomas Harris',to_date('11-APR-40','DD-MON-RR'),10);
Insert into WRITERS (WRITERS_ID,WRITER_NAME,BIRTH_DATE,WORKS_COUNT) values (19,'Paulo Lins',to_date('11-JUN-58','DD-MON-RR'),8);
Insert into WRITERS (WRITERS_ID,WRITER_NAME,BIRTH_DATE,WORKS_COUNT) values (20,'Robert Rodat',to_date('01-JAN-53','DD-MON-RR'),12);
Insert into WRITERS (WRITERS_ID,WRITER_NAME,BIRTH_DATE,WORKS_COUNT) values (21,'Vincenzo Cerami',to_date('02-NOV-40','DD-MON-RR'),15);
Insert into WRITERS (WRITERS_ID,WRITER_NAME,BIRTH_DATE,WORKS_COUNT) values (22,'George Lucas',to_date('14-MAY-44','DD-MON-RR'),15);
Insert into WRITERS (WRITERS_ID,WRITER_NAME,BIRTH_DATE,WORKS_COUNT) values (23,'James Cameron',to_date('16-AUG-54','DD-MON-RR'),13);
Insert into WRITERS (WRITERS_ID,WRITER_NAME,BIRTH_DATE,WORKS_COUNT) values (24,'Robert Zemeckis',to_date('14-MAY-52','DD-MON-RR'),20);
Insert into WRITERS (WRITERS_ID,WRITER_NAME,BIRTH_DATE,WORKS_COUNT) values (25,'Hayao Miyazaki',to_date('05-JAN-41','DD-MON-RR'),11);
Insert into WRITERS (WRITERS_ID,WRITER_NAME,BIRTH_DATE,WORKS_COUNT) values (26,'Ronald Harwood',to_date('09-NOV-34','DD-MON-RR'),18);
Insert into WRITERS (WRITERS_ID,WRITER_NAME,BIRTH_DATE,WORKS_COUNT) values (27,'Joseph Stefano',to_date('05-MAY-22','DD-MON-RR'),20);
Insert into WRITERS (WRITERS_ID,WRITER_NAME,BIRTH_DATE,WORKS_COUNT) values (28,'Bong Joon Ho',to_date('14-SEP-69','DD-MON-RR'),8);
Insert into WRITERS (WRITERS_ID,WRITER_NAME,BIRTH_DATE,WORKS_COUNT) values (29,'Luc Besson',to_date('18-MAR-59','DD-MON-RR'),15);
Insert into WRITERS (WRITERS_ID,WRITER_NAME,BIRTH_DATE,WORKS_COUNT) values (30,'Irene Mecchi',to_date('01-JAN-50','DD-MON-RR'),10);
Insert into WRITERS (WRITERS_ID,WRITER_NAME,BIRTH_DATE,WORKS_COUNT) values (31,'David Franzoni',to_date('04-JAN-47','DD-MON-RR'),12);
Insert into WRITERS (WRITERS_ID,WRITER_NAME,BIRTH_DATE,WORKS_COUNT) values (32,'David McKenna',to_date('14-AUG-68','DD-MON-RR'),8);
Insert into WRITERS (WRITERS_ID,WRITER_NAME,BIRTH_DATE,WORKS_COUNT) values (33,'William Monahan',to_date('03-NOV-60','DD-MON-RR'),10);
Insert into WRITERS (WRITERS_ID,WRITER_NAME,BIRTH_DATE,WORKS_COUNT) values (34,'Christopher McQuarrie',to_date('12-JUN-68','DD-MON-RR'),12);
Insert into WRITERS (WRITERS_ID,WRITER_NAME,BIRTH_DATE,WORKS_COUNT) values (35,'Christopher Priest',to_date('01-JUL-43','DD-MON-RR'),15);
Insert into WRITERS (WRITERS_ID,WRITER_NAME,BIRTH_DATE,WORKS_COUNT) values (36,'Damien Chazelle',to_date('19-JAN-85','DD-MON-RR'),6);
Insert into WRITERS (WRITERS_ID,WRITER_NAME,BIRTH_DATE,WORKS_COUNT) values (37,'Julius J. Epstein',to_date('22-AUG-09','DD-MON-RR'),20);
Insert into WRITERS (WRITERS_ID,WRITER_NAME,BIRTH_DATE,WORKS_COUNT) values (38,'Akiyuki Nosaka',to_date('10-OCT-30','DD-MON-RR'),10);
Insert into WRITERS (WRITERS_ID,WRITER_NAME,BIRTH_DATE,WORKS_COUNT) values (39,'Yasuhiko Takiguchi',to_date('01-JAN-25','DD-MON-RR'),15);
Insert into WRITERS (WRITERS_ID,WRITER_NAME,BIRTH_DATE,WORKS_COUNT) values (40,'Olivier Nakache',to_date('15-APR-73','DD-MON-RR'),8);
Insert into WRITERS (WRITERS_ID,WRITER_NAME,BIRTH_DATE,WORKS_COUNT) values (41,'Charles Chaplin',to_date('16-APR-89','DD-MON-RR'),60);
Insert into WRITERS (WRITERS_ID,WRITER_NAME,BIRTH_DATE,WORKS_COUNT) values (42,'Giuseppe Tornatore',to_date('27-MAY-56','DD-MON-RR'),15);
REM INSERTING into MOVIES_DETAILS_VIEW
SET DEFINE OFF;
Insert into MOVIES_DETAILS_VIEW (ID,NAME,YEAR,RATING,GENRE_ID,GENRE_TYPE,RUN_TIME,COUNTRY_ID,COUNTRY_NAME,LANGUAGE_ID,LANGUAGE_NAME) values (1,'The Shawshank Redemption',1995,9.3,1,'Drama','2h 22m',1,'United States',1,'English');
Insert into MOVIES_DETAILS_VIEW (ID,NAME,YEAR,RATING,GENRE_ID,GENRE_TYPE,RUN_TIME,COUNTRY_ID,COUNTRY_NAME,LANGUAGE_ID,LANGUAGE_NAME) values (49,'Rear Window',1954,8.5,12,'Mystery','1h 52m',1,'United States',1,'English');
Insert into MOVIES_DETAILS_VIEW (ID,NAME,YEAR,RATING,GENRE_ID,GENRE_TYPE,RUN_TIME,COUNTRY_ID,COUNTRY_NAME,LANGUAGE_ID,LANGUAGE_NAME) values (47,'Modern Times',1936,8.5,14,'Comedy','1h 27m',1,'United States',1,'English');
Insert into MOVIES_DETAILS_VIEW (ID,NAME,YEAR,RATING,GENRE_ID,GENRE_TYPE,RUN_TIME,COUNTRY_ID,COUNTRY_NAME,LANGUAGE_ID,LANGUAGE_NAME) values (43,'Casablanca',1942,8.5,1,'Drama','1h 42m',1,'United States',1,'English');
Insert into MOVIES_DETAILS_VIEW (ID,NAME,YEAR,RATING,GENRE_ID,GENRE_TYPE,RUN_TIME,COUNTRY_ID,COUNTRY_NAME,LANGUAGE_ID,LANGUAGE_NAME) values (42,'Whiplash',2014,8.5,1,'Drama','1h 46m',1,'United States',1,'English');
Insert into MOVIES_DETAILS_VIEW (ID,NAME,YEAR,RATING,GENRE_ID,GENRE_TYPE,RUN_TIME,COUNTRY_ID,COUNTRY_NAME,LANGUAGE_ID,LANGUAGE_NAME) values (41,'The Prestige',2006,8.5,1,'Drama','2h 10m',1,'United States',1,'English');
Insert into MOVIES_DETAILS_VIEW (ID,NAME,YEAR,RATING,GENRE_ID,GENRE_TYPE,RUN_TIME,COUNTRY_ID,COUNTRY_NAME,LANGUAGE_ID,LANGUAGE_NAME) values (40,'The Usual Suspects',1995,8.5,2,'Crime','1h 46m',1,'United States',1,'English');
Insert into MOVIES_DETAILS_VIEW (ID,NAME,YEAR,RATING,GENRE_ID,GENRE_TYPE,RUN_TIME,COUNTRY_ID,COUNTRY_NAME,LANGUAGE_ID,LANGUAGE_NAME) values (39,'The Departed',2006,8.5,2,'Crime','2h 31m',1,'United States',1,'English');
Insert into MOVIES_DETAILS_VIEW (ID,NAME,YEAR,RATING,GENRE_ID,GENRE_TYPE,RUN_TIME,COUNTRY_ID,COUNTRY_NAME,LANGUAGE_ID,LANGUAGE_NAME) values (38,'American History X',1998,8.5,2,'Crime','1h 59m',1,'United States',1,'English');
Insert into MOVIES_DETAILS_VIEW (ID,NAME,YEAR,RATING,GENRE_ID,GENRE_TYPE,RUN_TIME,COUNTRY_ID,COUNTRY_NAME,LANGUAGE_ID,LANGUAGE_NAME) values (37,'Gladiator',2000,8.5,3,'Action','2h 35m',1,'United States',1,'English');
Insert into MOVIES_DETAILS_VIEW (ID,NAME,YEAR,RATING,GENRE_ID,GENRE_TYPE,RUN_TIME,COUNTRY_ID,COUNTRY_NAME,LANGUAGE_ID,LANGUAGE_NAME) values (36,'The Lion King',1994,8.5,15,'Animation','1h 28m',1,'United States',1,'English');
Insert into MOVIES_DETAILS_VIEW (ID,NAME,YEAR,RATING,GENRE_ID,GENRE_TYPE,RUN_TIME,COUNTRY_ID,COUNTRY_NAME,LANGUAGE_ID,LANGUAGE_NAME) values (33,'Psycho',1960,8.5,13,'Horror','1h 49m',1,'United States',1,'English');
Insert into MOVIES_DETAILS_VIEW (ID,NAME,YEAR,RATING,GENRE_ID,GENRE_TYPE,RUN_TIME,COUNTRY_ID,COUNTRY_NAME,LANGUAGE_ID,LANGUAGE_NAME) values (32,'The Pianist',2002,8.5,5,'Biography','2h 30m',1,'United States',1,'English');
Insert into MOVIES_DETAILS_VIEW (ID,NAME,YEAR,RATING,GENRE_ID,GENRE_TYPE,RUN_TIME,COUNTRY_ID,COUNTRY_NAME,LANGUAGE_ID,LANGUAGE_NAME) values (30,'Back to the Future',1985,8.5,4,'Adventure','1h 56m',1,'United States',1,'English');
Insert into MOVIES_DETAILS_VIEW (ID,NAME,YEAR,RATING,GENRE_ID,GENRE_TYPE,RUN_TIME,COUNTRY_ID,COUNTRY_NAME,LANGUAGE_ID,LANGUAGE_NAME) values (2,'The Godfather',1972,9.2,2,'Crime','2h 55m',1,'United States',1,'English');
Insert into MOVIES_DETAILS_VIEW (ID,NAME,YEAR,RATING,GENRE_ID,GENRE_TYPE,RUN_TIME,COUNTRY_ID,COUNTRY_NAME,LANGUAGE_ID,LANGUAGE_NAME) values (3,'The Dark Knight',2008,9,3,'Action','2h 32m',1,'United States',1,'English');
Insert into MOVIES_DETAILS_VIEW (ID,NAME,YEAR,RATING,GENRE_ID,GENRE_TYPE,RUN_TIME,COUNTRY_ID,COUNTRY_NAME,LANGUAGE_ID,LANGUAGE_NAME) values (4,'The Godfather Part II',1974,10,2,'Crime','3h 22m',1,'United States',1,'English');
Insert into MOVIES_DETAILS_VIEW (ID,NAME,YEAR,RATING,GENRE_ID,GENRE_TYPE,RUN_TIME,COUNTRY_ID,COUNTRY_NAME,LANGUAGE_ID,LANGUAGE_NAME) values (5,'12 Angry Men',1957,9,2,'Crime','1h 36m',1,'United States',1,'English');
Insert into MOVIES_DETAILS_VIEW (ID,NAME,YEAR,RATING,GENRE_ID,GENRE_TYPE,RUN_TIME,COUNTRY_ID,COUNTRY_NAME,LANGUAGE_ID,LANGUAGE_NAME) values (6,'Schindler''s List',1993,9,5,'Biography','3h 15m',1,'United States',1,'English');
Insert into MOVIES_DETAILS_VIEW (ID,NAME,YEAR,RATING,GENRE_ID,GENRE_TYPE,RUN_TIME,COUNTRY_ID,COUNTRY_NAME,LANGUAGE_ID,LANGUAGE_NAME) values (7,'The Lord of the Rings: The Return of the King',2003,9,4,'Adventure','3h 21m',9,'New Zealand',1,'English');
Insert into MOVIES_DETAILS_VIEW (ID,NAME,YEAR,RATING,GENRE_ID,GENRE_TYPE,RUN_TIME,COUNTRY_ID,COUNTRY_NAME,LANGUAGE_ID,LANGUAGE_NAME) values (8,'Pulp Fiction',1994,8.9,2,'Crime','2h 34m',1,'United States',1,'English');
Insert into MOVIES_DETAILS_VIEW (ID,NAME,YEAR,RATING,GENRE_ID,GENRE_TYPE,RUN_TIME,COUNTRY_ID,COUNTRY_NAME,LANGUAGE_ID,LANGUAGE_NAME) values (9,'The Lord of the Rings: The Fellowship of the Ring',2001,8.8,4,'Adventure','2h 58m',9,'New Zealand',1,'English');
Insert into MOVIES_DETAILS_VIEW (ID,NAME,YEAR,RATING,GENRE_ID,GENRE_TYPE,RUN_TIME,COUNTRY_ID,COUNTRY_NAME,LANGUAGE_ID,LANGUAGE_NAME) values (11,'Forrest Gump',1994,8.8,1,'Drama','2h 22m',1,'United States',1,'English');
Insert into MOVIES_DETAILS_VIEW (ID,NAME,YEAR,RATING,GENRE_ID,GENRE_TYPE,RUN_TIME,COUNTRY_ID,COUNTRY_NAME,LANGUAGE_ID,LANGUAGE_NAME) values (12,'Fight Club',1999,8.8,1,'Drama','2h 19m',1,'United States',1,'English');
Insert into MOVIES_DETAILS_VIEW (ID,NAME,YEAR,RATING,GENRE_ID,GENRE_TYPE,RUN_TIME,COUNTRY_ID,COUNTRY_NAME,LANGUAGE_ID,LANGUAGE_NAME) values (13,'The Lord of the Rings: The Two Towers',2002,8.8,4,'Adventure','2h 59m',9,'New Zealand',1,'English');
Insert into MOVIES_DETAILS_VIEW (ID,NAME,YEAR,RATING,GENRE_ID,GENRE_TYPE,RUN_TIME,COUNTRY_ID,COUNTRY_NAME,LANGUAGE_ID,LANGUAGE_NAME) values (14,'Inception',2010,8.8,3,'Action','2h 28m',1,'United States',1,'English');
Insert into MOVIES_DETAILS_VIEW (ID,NAME,YEAR,RATING,GENRE_ID,GENRE_TYPE,RUN_TIME,COUNTRY_ID,COUNTRY_NAME,LANGUAGE_ID,LANGUAGE_NAME) values (15,'Star Wars: Episode V - The Empire Strikes Back',1980,8.7,3,'Action','2h 4m',1,'United States',1,'English');
Insert into MOVIES_DETAILS_VIEW (ID,NAME,YEAR,RATING,GENRE_ID,GENRE_TYPE,RUN_TIME,COUNTRY_ID,COUNTRY_NAME,LANGUAGE_ID,LANGUAGE_NAME) values (16,'The Matrix',1999,8.7,3,'Action','2h 16m',1,'United States',1,'English');
Insert into MOVIES_DETAILS_VIEW (ID,NAME,YEAR,RATING,GENRE_ID,GENRE_TYPE,RUN_TIME,COUNTRY_ID,COUNTRY_NAME,LANGUAGE_ID,LANGUAGE_NAME) values (17,'Goodfellas',1990,8.7,5,'Biography','2h 25m',1,'United States',1,'English');
Insert into MOVIES_DETAILS_VIEW (ID,NAME,YEAR,RATING,GENRE_ID,GENRE_TYPE,RUN_TIME,COUNTRY_ID,COUNTRY_NAME,LANGUAGE_ID,LANGUAGE_NAME) values (18,'One Flew Over the Cuckoo''s Nest',1975,8.7,1,'Drama','2h 13m',1,'United States',1,'English');
Insert into MOVIES_DETAILS_VIEW (ID,NAME,YEAR,RATING,GENRE_ID,GENRE_TYPE,RUN_TIME,COUNTRY_ID,COUNTRY_NAME,LANGUAGE_ID,LANGUAGE_NAME) values (19,'Se7en',1995,8.6,2,'Crime','2h 7m',1,'United States',1,'English');
Insert into MOVIES_DETAILS_VIEW (ID,NAME,YEAR,RATING,GENRE_ID,GENRE_TYPE,RUN_TIME,COUNTRY_ID,COUNTRY_NAME,LANGUAGE_ID,LANGUAGE_NAME) values (21,'It''s a Wonderful Life',1946,8.6,1,'Drama','2h 10m',1,'United States',1,'English');
Insert into MOVIES_DETAILS_VIEW (ID,NAME,YEAR,RATING,GENRE_ID,GENRE_TYPE,RUN_TIME,COUNTRY_ID,COUNTRY_NAME,LANGUAGE_ID,LANGUAGE_NAME) values (22,'The Silence of the Lambs',1991,8.6,2,'Crime','1h 58m',1,'United States',1,'English');
Insert into MOVIES_DETAILS_VIEW (ID,NAME,YEAR,RATING,GENRE_ID,GENRE_TYPE,RUN_TIME,COUNTRY_ID,COUNTRY_NAME,LANGUAGE_ID,LANGUAGE_NAME) values (24,'Saving Private Ryan',1998,8.6,1,'Drama','2h 49m',1,'United States',1,'English');
Insert into MOVIES_DETAILS_VIEW (ID,NAME,YEAR,RATING,GENRE_ID,GENRE_TYPE,RUN_TIME,COUNTRY_ID,COUNTRY_NAME,LANGUAGE_ID,LANGUAGE_NAME) values (25,'Interstellar',2014,8.6,4,'Adventure','2h 49m',1,'United States',1,'English');
Insert into MOVIES_DETAILS_VIEW (ID,NAME,YEAR,RATING,GENRE_ID,GENRE_TYPE,RUN_TIME,COUNTRY_ID,COUNTRY_NAME,LANGUAGE_ID,LANGUAGE_NAME) values (27,'The Green Mile',1999,8.6,2,'Crime','3h 9m',1,'United States',1,'English');
Insert into MOVIES_DETAILS_VIEW (ID,NAME,YEAR,RATING,GENRE_ID,GENRE_TYPE,RUN_TIME,COUNTRY_ID,COUNTRY_NAME,LANGUAGE_ID,LANGUAGE_NAME) values (28,'Star Wars: Episode IV - A New Hope',1977,8.6,3,'Action','2h 1m',1,'United States',1,'English');
Insert into MOVIES_DETAILS_VIEW (ID,NAME,YEAR,RATING,GENRE_ID,GENRE_TYPE,RUN_TIME,COUNTRY_ID,COUNTRY_NAME,LANGUAGE_ID,LANGUAGE_NAME) values (29,'Terminator 2: Judgment Day',1991,8.6,3,'Action','2h 17m',1,'United States',1,'English');
Insert into MOVIES_DETAILS_VIEW (ID,NAME,YEAR,RATING,GENRE_ID,GENRE_TYPE,RUN_TIME,COUNTRY_ID,COUNTRY_NAME,LANGUAGE_ID,LANGUAGE_NAME) values (48,'Once Upon a Time in the West',1968,8.5,8,'Western','2h 45m',2,'Italy',2,'Italian');
Insert into MOVIES_DETAILS_VIEW (ID,NAME,YEAR,RATING,GENRE_ID,GENRE_TYPE,RUN_TIME,COUNTRY_ID,COUNTRY_NAME,LANGUAGE_ID,LANGUAGE_NAME) values (26,'Life Is Beautiful',1997,8.6,14,'Comedy','1h 56m',2,'Italy',2,'Italian');
Insert into MOVIES_DETAILS_VIEW (ID,NAME,YEAR,RATING,GENRE_ID,GENRE_TYPE,RUN_TIME,COUNTRY_ID,COUNTRY_NAME,LANGUAGE_ID,LANGUAGE_NAME) values (50,'Cinema Paradiso',1988,8.5,1,'Drama','2h 35m',2,'Italy',2,'Italian');
Insert into MOVIES_DETAILS_VIEW (ID,NAME,YEAR,RATING,GENRE_ID,GENRE_TYPE,RUN_TIME,COUNTRY_ID,COUNTRY_NAME,LANGUAGE_ID,LANGUAGE_NAME) values (10,'The Good, the Bad and the Ugly',1966,8.8,8,'Western','2h 58m',2,'Italy',2,'Italian');
Insert into MOVIES_DETAILS_VIEW (ID,NAME,YEAR,RATING,GENRE_ID,GENRE_TYPE,RUN_TIME,COUNTRY_ID,COUNTRY_NAME,LANGUAGE_ID,LANGUAGE_NAME) values (44,'Grave of the Fireflies',1988,8.5,15,'Animation','1h 29m',3,'Japan',3,'Japanese');
Insert into MOVIES_DETAILS_VIEW (ID,NAME,YEAR,RATING,GENRE_ID,GENRE_TYPE,RUN_TIME,COUNTRY_ID,COUNTRY_NAME,LANGUAGE_ID,LANGUAGE_NAME) values (20,'Seven Samurai',1954,8.6,3,'Action','3h 27m',3,'Japan',3,'Japanese');
Insert into MOVIES_DETAILS_VIEW (ID,NAME,YEAR,RATING,GENRE_ID,GENRE_TYPE,RUN_TIME,COUNTRY_ID,COUNTRY_NAME,LANGUAGE_ID,LANGUAGE_NAME) values (45,'Harakiri',1962,8.6,3,'Action','2h 13m',3,'Japan',3,'Japanese');
Insert into MOVIES_DETAILS_VIEW (ID,NAME,YEAR,RATING,GENRE_ID,GENRE_TYPE,RUN_TIME,COUNTRY_ID,COUNTRY_NAME,LANGUAGE_ID,LANGUAGE_NAME) values (31,'Spirited Away',2001,8.6,15,'Animation','2h 5m',3,'Japan',3,'Japanese');
Insert into MOVIES_DETAILS_VIEW (ID,NAME,YEAR,RATING,GENRE_ID,GENRE_TYPE,RUN_TIME,COUNTRY_ID,COUNTRY_NAME,LANGUAGE_ID,LANGUAGE_NAME) values (23,'City of God',2002,8.6,2,'Crime','2h 10m',8,'Brazil',4,'Portuguese');
Insert into MOVIES_DETAILS_VIEW (ID,NAME,YEAR,RATING,GENRE_ID,GENRE_TYPE,RUN_TIME,COUNTRY_ID,COUNTRY_NAME,LANGUAGE_ID,LANGUAGE_NAME) values (34,'Parasite',2019,8.5,1,'Drama','2h 12m',5,'South Korea',5,'Korean');
Insert into MOVIES_DETAILS_VIEW (ID,NAME,YEAR,RATING,GENRE_ID,GENRE_TYPE,RUN_TIME,COUNTRY_ID,COUNTRY_NAME,LANGUAGE_ID,LANGUAGE_NAME) values (35,'Léon: The Professional',1994,8.5,3,'Action','1h 50m',4,'France',6,'French');
Insert into MOVIES_DETAILS_VIEW (ID,NAME,YEAR,RATING,GENRE_ID,GENRE_TYPE,RUN_TIME,COUNTRY_ID,COUNTRY_NAME,LANGUAGE_ID,LANGUAGE_NAME) values (46,'The Intouchables',2011,8.5,5,'Biography','1h 52m',4,'France',6,'French');
Insert into MOVIES_DETAILS_VIEW (ID,NAME,YEAR,RATING,GENRE_ID,GENRE_TYPE,RUN_TIME,COUNTRY_ID,COUNTRY_NAME,LANGUAGE_ID,LANGUAGE_NAME) values (51,'Crouching Tiger, Hidden Dragon',2000,7.9,5,'Biography','120',10,'China',7,'CHINESE');
Insert into MOVIES_DETAILS_VIEW (ID,NAME,YEAR,RATING,GENRE_ID,GENRE_TYPE,RUN_TIME,COUNTRY_ID,COUNTRY_NAME,LANGUAGE_ID,LANGUAGE_NAME) values (52,'Farewell My Concubine',1993,8.1,2,'Crime','171',10,'China',7,'CHINESE');
--------------------------------------------------------
--  DDL for Trigger COUNTRY_VALIDATION
--------------------------------------------------------

  CREATE OR REPLACE EDITIONABLE TRIGGER "COUNTRY_VALIDATION" 
BEFORE INSERT OR UPDATE ON COUNTRIES
FOR EACH ROW
DECLARE
    country_valid BOOLEAN;
    country_error_message VARCHAR2(200);
BEGIN 
    country_check(:NEW.COUNTRY_NAME, country_valid, country_error_message);
    IF NOT country_valid  THEN  
        RAISE_APPLICATION_ERROR(-20002, country_error_message);
    END IF;
END;
/
ALTER TRIGGER "COUNTRY_VALIDATION" ENABLE;
--------------------------------------------------------
--  DDL for Trigger FAMILY_CHECK
--------------------------------------------------------

  CREATE OR REPLACE EDITIONABLE TRIGGER "FAMILY_CHECK" 
BEFORE INSERT OR UPDATE ON GENRES
FOR EACH ROW
DECLARE 
    family_valid BOOLEAN;
    family_error_message VARCHAR2(200);
BEGIN 
    FAMILY_VALIDATION(:NEW.GENRE_TYPE, family_valid, family_error_message);
    IF NOT family_valid THEN
        RAISE_APPLICATION_ERROR(-20001, family_error_message);
    END IF; 
END;
/
ALTER TRIGGER "FAMILY_CHECK" ENABLE;
--------------------------------------------------------
--  DDL for Trigger MOVIES_DETAILS_TRG
--------------------------------------------------------

  CREATE OR REPLACE EDITIONABLE TRIGGER "MOVIES_DETAILS_TRG" 
INSTEAD OF INSERT OR UPDATE OR DELETE ON MOVIES_DETAILS_VIEW
FOR EACH ROW
BEGIN
    IF INSERTING THEN
        INSERT INTO MOVIES (ID, NAME, YEAR, RATING, GENRE_ID, RUN_TIME, COUNTRY_ID, LANGUAGE_ID)
        VALUES (:NEW.ID, :NEW.NAME, :NEW.YEAR, :NEW.RATING, :NEW.GENRE_ID, :NEW.RUN_TIME, :NEW.COUNTRY_ID, :NEW.LANGUAGE_ID);
    ELSIF UPDATING THEN
        UPDATE MOVIES
        SET NAME = :NEW.NAME,
            YEAR = :NEW.YEAR,
            RATING = :NEW.RATING,
            GENRE_ID = :NEW.GENRE_ID,
            RUN_TIME = :NEW.RUN_TIME,
            COUNTRY_ID = :NEW.COUNTRY_ID,
            LANGUAGE_ID = :NEW.LANGUAGE_ID
        WHERE ID = :OLD.ID;
    ELSIF DELETING THEN
        DELETE FROM MOVIES
        WHERE ID = :OLD.ID;
    END IF;
END;

/
ALTER TRIGGER "MOVIES_DETAILS_TRG" ENABLE;
--------------------------------------------------------
--  DDL for Trigger COUNTRY_VALIDATION
--------------------------------------------------------

  CREATE OR REPLACE EDITIONABLE TRIGGER "COUNTRY_VALIDATION" 
BEFORE INSERT OR UPDATE ON COUNTRIES
FOR EACH ROW
DECLARE
    country_valid BOOLEAN;
    country_error_message VARCHAR2(200);
BEGIN 
    country_check(:NEW.COUNTRY_NAME, country_valid, country_error_message);
    IF NOT country_valid  THEN  
        RAISE_APPLICATION_ERROR(-20002, country_error_message);
    END IF;
END;
/
ALTER TRIGGER "COUNTRY_VALIDATION" ENABLE;
--------------------------------------------------------
--  DDL for Trigger FAMILY_CHECK
--------------------------------------------------------

  CREATE OR REPLACE EDITIONABLE TRIGGER "FAMILY_CHECK" 
BEFORE INSERT OR UPDATE ON GENRES
FOR EACH ROW
DECLARE 
    family_valid BOOLEAN;
    family_error_message VARCHAR2(200);
BEGIN 
    FAMILY_VALIDATION(:NEW.GENRE_TYPE, family_valid, family_error_message);
    IF NOT family_valid THEN
        RAISE_APPLICATION_ERROR(-20001, family_error_message);
    END IF; 
END;
/
ALTER TRIGGER "FAMILY_CHECK" ENABLE;
--------------------------------------------------------
--  DDL for Procedure ADJUST_LANGUAGE
--------------------------------------------------------
set define off;

  CREATE OR REPLACE EDITIONABLE PROCEDURE "ADJUST_LANGUAGE" (
    language_name IN VARCHAR2,
    chinese_check OUT BOOLEAN,
    error_message OUT VARCHAR2
) AS
BEGIN
    IF LOWER(language_name) = 'chinese' THEN
        chinese_check := TRUE;
        error_message := 'Automatically converted to Mandarin';
    ELSE
        chinese_check := FALSE;
        error_message := NULL;
    END IF;
END;


/
--------------------------------------------------------
--  DDL for Procedure COUNTRY_CHECK
--------------------------------------------------------
set define off;

  CREATE OR REPLACE EDITIONABLE PROCEDURE "COUNTRY_CHECK" (
    COUNTRY_NAME  IN VARCHAR2,
    is_Valid      OUT BOOLEAN,
    error_message OUT VARCHAR2
) AS
BEGIN
    IF REGEXP_LIKE(LOWER(COUNTRY_NAME), 'russia') THEN
        is_Valid := FALSE;
        error_message := 'The Canadian Government does not allow Russian movies';
    ELSE
        is_Valid := TRUE;
        error_message := NULL;  -- No error message if country is allowed
    END IF;
END;


/
--------------------------------------------------------
--  DDL for Procedure FAMILY_VALIDATION
--------------------------------------------------------
set define off;

  CREATE OR REPLACE EDITIONABLE PROCEDURE "FAMILY_VALIDATION" (
    Genre_Type    IN VARCHAR2,
    is_Valid      OUT BOOLEAN,
    error_message OUT VARCHAR2
) AS
BEGIN
    IF REGEXP_LIKE(LOWER(Genre_Type), 'sex') THEN
        is_Valid := FALSE;
        error_message := 'This site is family friendly, adding adult movies not allowed';
    ELSIF REGEXP_LIKE(LOWER(Genre_Type), '\+18') THEN
        is_Valid := FALSE;
        error_message := 'This site is family friendly, adding adult movies not allowed';
    ELSIF REGEXP_LIKE(LOWER(Genre_Type), 'adult') THEN
        is_Valid := FALSE;
        error_message := 'This site is family friendly, adding adult movies not allowed';
    ELSE
        is_Valid := TRUE;
        error_message := NULL;
    END IF;
END;


/
